bids_name	cjv	cnr	efc	fber	fwhm_avg	fwhm_x	fwhm_y	fwhm_z	icvs_csf	icvs_gm	icvs_wm	inu_med	inu_range	qi_1	qi_2	rpve_csf	rpve_gm	rpve_wm	size_x	size_y	size_z	snr_csf	snr_gm	snr_total	snr_wm	snrd_csf	snrd_gm	snrd_total	snrd_wm	spacing_x	spacing_y	spacing_z	summary_bg_k	summary_bg_mad	summary_bg_mean	summary_bg_median	summary_bg_n	summary_bg_p05	summary_bg_p95	summary_bg_stdv	summary_csf_k	summary_csf_mad	summary_csf_mean	summary_csf_median	summary_csf_n	summary_csf_p05	summary_csf_p95	summary_csf_stdv	summary_gm_k	summary_gm_mad	summary_gm_mean	summary_gm_median	summary_gm_n	summary_gm_p05	summary_gm_p95	summary_gm_stdv	summary_wm_k	summary_wm_mad	summary_wm_mean	summary_wm_median	summary_wm_n	summary_wm_p05	summary_wm_p95	summary_wm_stdv	tpm_overlap_csf	tpm_overlap_gm	tpm_overlap_wm	wm2max
sub-01_T1w	0.3765267219558434	3.4778334488475466	0.5586863145002577	17596.599243856333	3.9660985313080475	4.054120710811459	4.1008624388923876	3.743312444220298	0.21098257800250306	0.42342708094338494	0.365590341054112	0.46147072315216064	0.18805421739816663	0.0	0.003388912485160648	23.905092564840945	12.214379313895916	16.229022111806096	224	280	320	1.6240965688494626	10.467999109766142	11.7105939413778	23.03968614551779	33.22094725576558	110.36437903210532	99.17998238124102	153.95462085585214	0.8000008463859558	0.800000011920929	0.800000011920929	8.778382945466666	4.255386381833271	4.959877200651924	2.8702144976705313	4270039.0	0.0	19.72463196143508	7.375672135410993	0.6045874716570934	131.3410608828991	232.51417833095155	215.7840207684785	96759.0	50.26112454943359	482.6298048673196	132.86334682628515	0.35184044377790524	64.59868499940883	717.0419872326361	716.8630464933813	85808.0	603.5003641154617	831.5205624792725	68.48098302552506	0.3312971599869736	42.009942250729964	997.9077994250753	999.9999954365194	439592.0	923.9285209681839	1065.4322537593544	43.40331945937063	0.12331497995190341	0.44987851322490874	0.5040699204400645	0.9085169790604658
